index,fr_true,fr_est,fr_rel_err_pct,fr_est_minima,fr_minima_rel_err_pct,z01_true_mm,z01_est_mm,z01_err_mm,z01_est_minima_mm,score,phase_rad,n_minima,n_rings_visible,noise_floor,power_law_exponent,elapsed_ms
0,0.007970834150910378,0.007690327389233062,-3.519164448369284,nan,nan,132.02000427246094,127.40359376684036,-4.616410505620578,nan,0.897672730841179,2.881839198070463,1,1,0.0018670611863334512,2.1280255056058675,29.13487099976919
1,0.009386471472680569,0.009586320985143245,2.1291228875977617,nan,nan,155.28500366210938,158.5649821516156,3.2799784895062203,nan,0.8326351613575947,2.626823270040117,0,0,0.0018502591417644948,1.3709130572535297,20.563039000990102
2,0.005940649658441544,0.006056463503403873,1.9495148110234093,0.006012884825217923,1.2159472604773924,98.55999755859375,100.47178588750849,1.9117883289147386,99.75245691345204,0.874404591075119,2.9810952111684292,2,2,0.001860098418299219,1.8666960054427009,20.92744099900301
3,0.007229261565953493,0.007398171857801243,2.3364805700659597,0.006819718174750209,-5.66507917118459,119.81099700927734,122.59319927732672,2.7822022680493745,113.06197962245955,0.9175044157508854,2.7903692189895386,2,2,0.0018829863176883944,1.960710142023562,20.876636999673792
4,0.005627750419080257,0.0057887014169091386,2.859952660359543,nan,nan,93.39299774169922,96.0511641801993,2.658166438500075,nan,0.9152165557562082,3.033151054802721,1,1,0.0018564735670733156,2.0542050359190083,21.478364998984034
5,0.012343542650341988,0.0035221448947746737,-71.46568862321637,nan,nan,203.70700073242188,58.55259304397524,-145.15440768844664,nan,0.78837039903723,1.9803248302351921,0,0,0.001855103799416603,0.8281265047961646,24.15468300023349
6,0.016513943672180176,0.015515776691790023,-6.0443889128173005,nan,nan,271.59698486328125,255.39024937784998,-16.206735485431267,nan,0.8363940909009913,2.807238221393818,1,1,0.0018437173457896256,1.1836947000093143,22.379557000022032
7,0.014864473603665829,0.01484404285171781,-0.13744685814490784,nan,nan,244.80099487304688,244.46863750306844,-0.332357369978439,nan,0.8550529766138313,2.995511871000413,1,1,0.0018321029990795868,1.5301299085165907,22.996863999651396
8,0.009579191915690899,0.007799550801481296,-18.578196677472523,nan,nan,158.447998046875,129.20137944532817,-29.246618601546828,nan,0.8295448315799555,2.731126950378429,1,1,0.0018050804292027945,1.345924373300144,21.441564000269864
9,0.007533397059887648,0.007782968153878082,3.3128626037687714,nan,nan,124.81999969482422,128.92845482023685,4.1084551254126325,nan,0.9220199532232694,2.8261271402519026,1,1,0.0018488511886993965,1.6501918810612999,21.40841999971599
10,0.015627341344952583,0.013443687182071127,-13.973292799333056,nan,nan,257.2030029296875,221.6615875069448,-35.54141542274269,nan,0.763220925438369,2.8656998285912385,0,0,0.0017926117595627221,0.9097959639033466,22.30917000088084
11,0.003749415511265397,0.003883329046401017,3.5715842838241576,nan,nan,62.319000244140625,64.53758978873142,2.218589544590799,nan,0.9219992976587805,2.7044672749512833,1,1,0.001883026680506704,2.5534602504612467,23.113064999051858
12,0.0034048990346491337,0.003930495081957594,15.436464986475643,nan,nan,56.60900115966797,65.318888705602,8.709887545934038,nan,0.9569346139514744,2.7674687123167883,1,1,0.0018524881127288107,3.3653511108081045,22.35460199881345
13,0.004685613792389631,0.004904862522078375,4.679189096737913,nan,nan,77.81900024414062,81.44546280616935,3.6264625620287205,nan,0.9472227015381007,-2.971663379282684,0,0,0.0018457501406823396,1.591680145088813,22.669091000352637
14,0.01777529902756214,0.01634507055642038,-8.046157023429346,nan,nan,292.03900146484375,268.85695892969665,-23.182042535147104,nan,0.7088968457328197,3.0063041218936566,0,0,0.0017627637965489894,0.6679165744722432,22.83027700104867
15,0.003480181097984314,0.0035068167698919126,0.7653530422030566,0.0033549590357320217,-3.5981478758338055,57.856998443603516,58.29851908199252,0.4415206383890009,55.78102532764079,0.9332737107411565,3.0927636236583966,2,2,0.0018729350927480738,1.840221216409017,21.734755999204936
16,0.014423871412873268,0.010935132797142075,-24.187255389822063,nan,nan,237.63099670410156,180.67380230122347,-56.95719440287809,nan,0.7775879257962582,2.673412407910201,0,0,0.0018423496361063068,1.0201085553354028,23.91210099995078
17,0.017349185422062874,0.017605428366020196,1.476973919659994,nan,nan,285.13800048828125,289.28847743242204,4.150476944140792,nan,0.8077588096940201,2.8163138489496067,1,1,0.0017843134887075508,1.1927137191577553,20.67040099973383
18,0.010630086064338684,0.010882921276912134,2.3784869759582645,nan,nan,175.67799377441406,179.81890275961285,4.1409089851987915,nan,0.879538646147928,2.7088049179380165,1,1,0.0018228003930645454,1.5606321332285416,21.3044970005285
19,0.010018235072493553,0.003006386876549623,-69.9908531313657,0.0032212698979534704,-67.8459341925614,165.64999389648438,50.0,-115.64999389648438,53.564203948206256,0.8162804355760188,2.5317258053770755,2,2,0.001845686176261342,1.1833018620659688,22.965423999266932
20,0.0070159295573830605,0.003006386876549623,-57.149129677536216,nan,nan,116.2959976196289,50.0,-66.2959976196289,nan,0.8500844804597412,-0.33200280804802496,1,1,0.0018703192241457116,1.4198583429981824,24.33944099902874
21,0.004749751649796963,0.005019624485991621,5.681830463834775,nan,nan,78.87999725341797,83.34314932892154,4.463152075503572,nan,0.9198356909931453,2.9174095044769923,1,1,0.0018520992067379758,2.1496562588652557,22.017695000613458
22,0.007726559415459633,0.007727703015005807,0.01480088982278649,nan,nan,128.0,128.0188223354034,0.018822335403399393,nan,0.8712916026515898,2.7761067142384275,1,1,0.0018707216189968229,1.8812780022743396,21.08810000027006
23,0.0036733755841851234,0.0038446689160625993,4.663104219860884,nan,nan,61.058998107910156,63.89714435301851,2.838146245108355,nan,0.9320977112067916,2.690587139165309,1,1,0.0018605810757795444,1.7526908979176163,22.452979999798117
24,0.008382070809602737,0.009521501530138579,13.593666128786186,nan,nan,138.78399658203125,157.5012628072611,18.71726622522985,nan,0.8332977849524646,2.5505242063170006,0,0,0.0018883384904511981,1.690843392954413,23.73301000079664
25,0.016469070687890053,0.016790450233596693,1.9514127530155954,nan,nan,270.8689880371094,276.08179629981976,5.212808262710382,nan,0.811760165524061,2.6435174711020992,1,1,0.001801357929403261,1.1839029855920316,32.64628599936259
26,0.00510290265083313,0.005665197267512116,11.019113143128111,nan,nan,84.72000122070312,94.0115088443034,9.291507623600282,nan,0.9343055393430815,2.604994204989759,1,1,0.0018763873004876165,2.558534076086136,22.80893900024239
27,0.014015079475939274,0.013214591580667784,-5.711618665065343,nan,nan,230.9739990234375,217.92538307105113,-13.04861595238637,nan,0.8688325668875382,-3.1364710291369504,0,0,0.0017995297806125013,1.020822724126641,21.931471001153113
28,0.003055455395951867,0.0030188925893063433,-1.1966401700370217,0.002961181913079919,-3.085415123285701,50.81399917602539,50.20746363098013,-0.6065355450452614,49.250035873329935,0.9112620909674056,-3.0770404452028437,4,4,0.001850393530963286,1.919852649386052,21.22206800049753
29,0.007682332769036293,0.007814328135673456,1.718167783217763,nan,nan,127.27200317382812,129.44458509832387,2.172581924495745,nan,0.8910568706174923,2.976220123563056,1,1,0.0018502263175813297,1.7648567632181134,20.862544999545207
30,0.0038563101552426815,0.004481020222693979,16.199684213729537,nan,nan,64.08999633789062,74.43373529529309,10.343738957402465,nan,0.9557975469353595,2.337736060457431,1,1,0.0018744398833769322,2.99606512497517,23.6118719985825
31,0.011515582911670208,0.003006386876549623,-73.89288150144039,0.0031871359542442095,-72.32327726098626,190.17300415039062,50.0,-140.17300415039062,52.99811895542602,0.771292921683075,2.63343516510504,3,3,0.0018419777047172534,1.2995203695880555,21.944886999335722
32,0.01479046419262886,0.01567651548247475,5.99069291068952,nan,nan,243.5970001220703,258.0018850908045,14.404884968734166,nan,0.7187498759856067,2.66691040587403,1,1,0.001793537129727393,1.2996162975499925,21.309474999725353
33,0.01623724214732647,0.003006386876549623,-81.48462128438088,nan,nan,267.10699462890625,50.0,-217.10699462890625,nan,0.8329485949832836,1.7644200004887338,0,0,0.0018669217226179873,1.1972224154969977,27.44715299922973
34,0.00991725455969572,0.01137909445177661,14.74036875106432,nan,nan,163.99400329589844,187.94015074590004,23.946147450001604,nan,0.7012919688805902,2.137853992424946,1,1,0.0018370447783240477,1.4509779134675327,20.90243500060751
35,0.005350715480744839,0.005813403711306274,8.647221707572978,0.005627312269117266,5.169342107009667,88.81600189208984,96.45906927316256,7.643067381072711,93.38575912412107,0.9115974392276149,2.7313909094775317,2,2,0.0018597764285102469,2.0318286319450087,20.956901000317885
36,0.00901546236127615,0.004418678173514912,-50.98778080984143,nan,nan,149.1929931640625,73.40197895251374,-75.79101421154876,nan,0.9481572773621716,2.3521726953614346,0,0,0.0018615978875439507,2.6715139199598896,28.27604199956113
37,0.015173638239502907,0.016850174784406983,11.049008276336762,nan,nan,249.82899475097656,277.0502306719629,27.221235920986317,nan,0.7643796675433614,2.3990482970211024,0,0,0.0018099794167990872,1.0767187674787408,22.379177000402706
38,0.00916105043143034,0.009326657641573113,1.8077316720645558,nan,nan,151.58399963378906,154.30309133012946,2.7190916963403993,nan,0.7996468674669617,2.7461163211363666,1,1,0.0018112323507891083,1.2801726566444351,21.07877199887298
39,0.006723396480083466,0.0068427125045587515,1.7746391251614049,0.00633492034715458,-5.777974481791422,111.4739990234375,113.44103316548217,1.9670341420446675,105.06689048157322,0.921240366237707,3.0196290324508284,2,2,0.0018735734906601992,1.8695111236215438,20.9333950006112
40,0.016182532534003258,0.016684946562737935,3.1046687388329914,nan,nan,266.218994140625,274.3708204890318,8.151826348406814,nan,0.865974818544382,2.8787707414583994,1,1,0.0017874395146452468,1.4662698004921866,21.388506998846424
41,0.01636577770113945,0.016763957733223433,2.4330040365650323,nan,nan,269.1929931640625,275.6521896098708,6.4591964458082884,nan,0.8339745512546228,2.8603782161653974,1,1,0.0017978343357040554,1.2847190888737539,21.17837799960398
42,0.005577805917710066,0.005363326365687683,-3.8452315334491955,nan,nan,92.56800079345703,89.024389251341,-3.5436115421160252,nan,0.7701784894604505,3.0502448358893095,1,1,0.0018476164426340634,1.81826959230141,21.808247998706065
43,0.012731974013149738,0.006221520487637829,-51.134674943475645,nan,nan,210.0500030517578,103.19581819056678,-106.85418486119103,nan,0.8450489156368128,-2.120423777567085,1,1,0.0018165829409859556,1.1691289195014105,22.406485999454162
44,0.012210408225655556,0.005824330305724839,-52.30028187356414,nan,nan,201.53199768066406,96.63949307097798,-104.89250460968609,nan,0.8829002527009088,2.4961856632422355,1,1,0.001839564192511471,1.491123562210306,20.86766600041301
45,0.0065680271945893764,0.0065174873952147236,-0.7694821881414663,0.007046068216831036,7.278304551410216,108.91200256347656,108.07846667845342,-0.8335358850231387,116.79265261293462,0.8880139700119318,3.0699925247843964,2,2,0.0018262257095770704,1.785919488002116,20.806081000046106
46,0.016048984602093697,0.015715292761501812,-2.079208428851957,nan,nan,264.0509948730469,258.6318232654187,-5.419171607628186,nan,0.7798228449968576,2.64766643227165,0,0,0.0018443999510980333,0.9939035470065128,22.7642330009985
47,0.0032791481353342533,0.003325403123054123,1.410579388636094,nan,nan,54.52399826049805,55.29097424274604,0.7669759822479918,nan,0.9155084504890112,2.959107171574532,1,1,0.0018635715338705978,2.190183850049873,22.07877900036692
48,0.004966031759977341,0.005317680591453765,7.08108301502343,nan,nan,82.45700073242188,88.27007145661298,5.813070724191107,nan,0.9327667713424959,2.2468103033543363,1,1,0.00184743240017733,2.1790045059989502,21.146842000234756
49,0.005723050329834223,0.006165291135533192,7.727361812521043,nan,nan,94.96700286865234,102.26791594481475,7.300913076162402,nan,0.9119536677431089,2.7525105348011456,1,1,0.0018532863643158353,2.175371135471758,21.981817000778392
50,0.006835309322923422,0.006838439725900536,0.045797532038756694,nan,nan,113.31900024414062,113.37059898591846,0.05159874177783763,nan,0.7783597472969018,2.9620539875217426,1,1,0.00183923483858811,1.629751337175291,20.81035300034273
51,0.012088500894606113,0.011974151654373284,-0.9459340014927117,nan,nan,199.5399932861328,197.67113697334565,-1.868856312787159,nan,0.8360858565993069,2.8733668815437765,1,1,0.0018373473428384835,1.5022546749453392,21.33666999907291
52,0.003593302797526121,0.0037428223644000373,4.161062267751435,nan,nan,59.731998443603516,62.20975284472896,2.477754401125445,nan,0.9689320245225383,2.7728209250480385,1,1,0.0018704064104433456,1.941819296202018,21.772487998532597
53,0.010336042381823063,0.01049804785758862,1.5673840119934044,nan,nan,170.86000061035156,173.51479673741986,2.6547961270682947,nan,0.885011279377628,2.9512155762298793,1,1,0.0018318849288630895,1.6143345051681164,23.46123299867031
54,0.004035013262182474,0.004080451942967034,1.1261098249769523,nan,nan,67.05000305175781,67.80249674631634,0.7524936945585239,nan,0.9366166950607209,2.98456847730456,1,1,0.0018772177470860517,2.4173689913742153,21.67453999936697
55,0.0165584497153759,0.016475459058732662,-0.5011982285163695,nan,nan,272.3190002441406,270.97263638748393,-1.3463638566566942,nan,0.7715375450675864,2.7404249195903776,0,0,0.0017761114102588685,1.0923732483694883,21.514702999411384
56,0.012263841927051544,0.012230315110438768,-0.2733793929520818,nan,nan,202.40499877929688,201.85724214933092,-0.54775662996596,nan,0.8876510925621536,2.940536769103266,1,1,0.001811292623478883,1.525907921960271,21.240214999124873
57,0.011043624952435493,0.011319478077355867,2.4978494480613356,nan,nan,182.4499969482422,186.96471549423512,4.514718545992935,nan,0.8158078658417688,2.652049926030474,1,1,0.0018456872868655141,1.3949998280111722,20.980445999157382
58,0.015017806552350521,0.003861118530413726,-74.28973054783822,nan,nan,247.2949981689453,64.16965442417083,-183.12534374477448,nan,0.8475808929637673,2.755504047505291,1,1,0.0018289636594096183,0.996676614686797,21.61327599969809
59,0.00580964470282197,0.005925953300424916,2.001991576979752,nan,nan,96.39700317382812,98.31737128929595,1.9203681154678236,nan,0.897602776247726,2.9248704796043916,1,1,0.001868368149799965,1.7956625716393093,20.779943999514217
60,0.007166680414229631,0.007649328146426829,6.734606600273235,nan,nan,118.77999877929688,126.72867414868402,7.948675369387146,nan,0.8416964070260271,2.7278449853507496,1,1,0.0018570559333865803,1.764851394017368,20.96019099917612
61,0.007269629742950201,0.007731460109655158,6.35287329664653,nan,nan,120.47599792480469,128.08066459655902,7.60466667175433,nan,0.8907966677151034,2.7734904558536835,1,1,0.001847505597113492,1.8590830369838007,20.800346001124126
62,0.0067443824373185635,0.006591795837477227,-2.2624250813096296,nan,nan,111.81999969482422,109.30397740455578,-2.516022290268438,nan,0.8040611913884799,2.9428267812464446,1,1,0.0018459922679092394,1.9157288128647556,22.97314699899289
63,0.016220051795244217,0.01637799056797103,0.9737254524250113,nan,nan,266.8280029296875,269.3911602442059,2.563157314518378,nan,0.7809276452097169,2.745036544589044,1,1,0.00178011993275442,1.2229759971197076,21.328842000002624
64,0.009220853447914124,0.003006386876549623,-67.39578506987651,nan,nan,152.5659942626953,50.0,-102.56599426269531,nan,0.8445964709138626,-2.5027571606063783,1,1,0.0018808820681842984,1.2854791026395247,25.169578000713955
65,0.003902308875694871,0.00394209461941417,1.0195436852039248,nan,nan,64.85199737548828,65.51102407205099,0.6590266965627052,nan,0.8722723852572709,-3.034632347886336,1,1,0.0018733967640468846,2.290073869591998,22.303171001112787
66,0.01523145567625761,0.01346039308906579,-11.627664648970521,nan,nan,250.7689971923828,221.933980496828,-28.8350166955548,nan,0.8004825163700862,2.740076531452691,0,0,0.0018086304202587096,1.134092003973886,21.629253000355675
67,0.005561279598623514,0.0057839677384133375,4.004260815171771,nan,nan,92.29499816894531,95.9729957845421,3.6779976155967944,nan,0.9153794780591195,2.91723681455417,1,1,0.0018675866494715148,2.080554071309971,21.67660600025556
68,0.012012198567390442,0.01224358297222823,1.9262452542695037,nan,nan,198.29299926757812,202.07401122632564,3.781011958747513,nan,0.7844751827484053,2.5582542732501046,1,1,0.001812312576937871,1.2676601076352123,21.343306001654128
69,0.008921528235077858,0.003006386876549623,-66.30188463979695,0.0027824483518286026,-68.8119761714309,147.64999389648438,50.0,-97.64999389648438,46.28423930981245,0.7266497963376691,2.340200414580977,2,2,0.0018488590803935163,1.201397705162895,21.716018000006443
70,0.0033895783126354218,0.0034196646010166355,0.8876115435675384,0.003500669127695789,3.277422877242605,56.35499954223633,56.85379029936865,0.49879075713231913,58.196615965713015,0.8569153027600003,2.9831613207568792,4,4,0.0018525213724118015,2.0293513933941583,20.74761099902389
71,0.0077943019568920135,0.007877648010813578,1.069320310946732,0.006988221644165492,-10.3419179444768,129.11500549316406,130.48663742748363,1.3716319343195664,115.83936581452781,0.940052643732049,3.078536722790474,2,2,0.0018371271539325967,1.780934427559126,20.800607999262866
72,0.010768490843474865,0.011846428913002983,10.010112700065967,nan,nan,177.94500732421875,195.58328935898038,17.63828203476163,nan,0.7588359040820123,2.6184292897737844,1,1,0.0018446357053964644,1.5704236373757938,21.10694099974353
73,0.014814067631959915,0.014971470046118589,1.0625198835942473,nan,nan,243.9810028076172,246.54138416836173,2.560381360744543,nan,0.8428373205021338,2.8191033579785825,1,1,0.0018065864355555547,1.2999559334933626,20.80977100013115
74,0.004822964780032635,0.004978696140817399,3.2289549662378083,nan,nan,80.09100341796875,82.66640587213342,2.5754024541646743,nan,0.9462856428448543,2.6310768149068804,1,1,0.0018436612054868592,1.8164346417127588,21.658611000020755
75,0.005201991181820631,0.005467272514297932,5.099611345062984,0.005110221448802263,-1.7641270392590362,86.35800170898438,90.74193478978536,4.383933080800986,84.84099165718985,0.903385816682493,2.536196037495581,2,2,0.0018358604951087222,1.7942949778047035,21.52051799930632
76,0.014011089690029621,0.013593334968818956,-2.9816005068323994,nan,nan,230.90899658203125,224.10135573197678,-6.807640850054469,nan,0.7712768751686624,2.533262104391008,1,1,0.0018298965109051226,1.3613102626987486,21.375464000811917
77,0.01696593314409256,0.015380838579240459,-9.342808034134109,nan,nan,278.927001953125,253.1972817813156,-25.72972017180939,nan,0.8314586171108825,2.9129788275616977,0,0,0.00181032761612258,1.0647737415872776,21.873394998692675
78,0.010346414521336555,0.011474601344189572,10.90413321954625,nan,nan,171.02999877929688,189.50262175020936,18.472622970912482,nan,0.7567963961762566,2.7032722554439848,0,0,0.0018264166738437295,1.5576428015839678,22.056361000068136
79,0.006306742317974567,0.00650466066192791,3.138202481957509,nan,nan,104.60199737548828,107.86691016567407,3.2649127901857895,nan,0.9384777341064446,2.9589018981402404,1,1,0.001879577080181774,1.8656238440923456,21.743069000876858
80,0.013271952979266644,0.010991203316278128,-17.18473284641294,nan,nan,218.86099243164062,181.5918060898407,-37.26918634179992,nan,0.7457140640816544,3.01338413220489,0,0,0.0018017167036615477,0.9329002335828516,22.61431300030381
81,0.017850227653980255,0.018267233965634,2.3361400187003283,nan,nan,293.25201416015625,299.99999999999994,6.747985839843693,nan,0.6513022785760774,2.6159391606001843,1,1,0.0017904479360364566,1.265414113222865,21.482003001437988
82,0.008466614410281181,0.007990609875571325,-5.622135503558951,nan,nan,140.1739959716797,132.34537435465595,-7.828621617023742,nan,0.9164321404580237,3.0396328131159778,1,1,0.0018348108387245476,1.6115661786733813,21.528511000724393
83,0.014095563441514969,0.00817874608115636,-41.976451561575026,nan,nan,232.28500366210938,135.44029962770557,-96.8447040344038,nan,0.5696416232982827,-3.0101540431926814,0,0,0.0018015356776116852,0.8758670707584475,21.860714001377346
84,0.01780717261135578,0.018267233965634,2.583573284311481,nan,nan,292.55499267578125,299.99999999999994,7.445007324218693,nan,0.7278980909687708,2.656741425290787,0,0,0.001786632034046078,0.9426773438887613,22.820308000518708
85,0.01753852516412735,0.018267233965634,4.1549035320092065,nan,nan,288.2049865722656,299.99999999999994,11.795013427734318,nan,0.847381788329924,2.922115911160829,1,1,0.0017802672336387747,1.2128424922256846,22.284039998339722
86,0.013754056766629219,0.014436188901566857,4.95949774318702,nan,nan,226.7209930419922,237.8315089778569,11.110515935864726,nan,0.8009852020370165,2.613438152626046,0,0,0.0017610682757524432,1.1440108779001579,21.807577000799938
87,0.013444386422634125,0.0140871389841906,4.780824809337353,nan,nan,221.67300415039062,232.14777340530267,10.474769254912047,nan,0.8203972817410423,2.7587894305398213,1,1,0.0018137259623492326,1.3965439652166245,22.068496999054332
88,0.007086141966283321,0.003006386876549623,-57.57371372385202,nan,nan,117.4530029296875,50.0,-67.4530029296875,nan,0.9007944773209919,-2.562015892646662,1,1,0.001842804066653231,1.583540618332553,23.662146000788198
89,0.01091749407351017,0.012702200483460303,16.347216659182653,nan,nan,180.38499450683594,209.56394425870968,29.178949751873745,nan,0.8054661432555628,2.2256323107742366,0,0,0.0018176422146200044,1.536331755511508,21.199463000812102
90,0.006057203281670809,0.0062019727076387315,2.3900374353622444,0.006323034826822482,4.388684559358995,100.48400115966797,102.873248634438,2.3892474747700305,104.87079856641603,0.9010834306774799,2.9795573343221764,2,2,0.0018374693165568623,1.9009000453779727,20.92323299984855
91,0.008284890092909336,0.006996115912564156,-15.555718493455743,nan,nan,137.18600463867188,115.9694653703877,-21.21653926828418,nan,0.8713305651545553,2.29642339727824,0,0,0.0018609137640128789,1.6763647761401181,21.824809999088757
92,0.015993183478713036,0.003006386876549623,-81.20207349242801,0.0035241887552185393,-77.96443241016247,263.1449890136719,50.0,-213.14498901367188,58.586470913987206,0.7518668659237321,2.6523944135438935,2,2,0.0018434788528029454,1.0922211303262985,23.5244480008987
93,0.01115389633923769,0.012723735841201999,14.074359795167318,nan,nan,184.2550048828125,209.91551064423533,25.660505761422826,nan,0.8576096465972404,2.1827118650179487,0,0,0.0018512991995635302,1.427635463763122,26.718402999904356
94,0.010233483277261257,0.008056629303201198,-21.271876985395743,nan,nan,169.1790008544922,133.4315334830843,-35.74746737140788,nan,0.8672348972081525,2.6771720330714297,0,0,0.0018633407700140011,1.3572101180362077,24.80756800105155
95,0.012731361202895641,0.012062013002507721,-5.257475534004033,nan,nan,210.0399932861328,199.10712608626494,-10.932867199867871,nan,0.8626061504456517,-3.127864203306776,1,1,0.0017792075603559451,1.134894856288983,21.032270000432618
96,0.017436718568205833,0.003006386876549623,-82.75829901830566,nan,nan,286.5559997558594,50.0,-236.55599975585938,nan,0.6909763512873861,2.4773468449009544,0,0,0.001845971428709809,1.2182839727800272,25.800581001021783
97,0.014222972095012665,0.0144043335308392,1.2751303638578537,nan,nan,234.36000061035156,237.31292929589935,2.952928685547789,nan,0.5790118263097916,1.863460994234661,0,0,0.0018607258149161057,1.6151081100324178,33.2775370006857
98,0.006505514495074749,0.007345703431404951,12.915026735645577,nan,nan,107.88099670410156,121.7290503150948,13.848053610993233,nan,0.8686738397857965,2.4010967679997335,1,1,0.0018800741134342386,1.8088611351117498,21.917185000347672
99,0.005921024363487959,0.0061442767189643505,3.7705022268288384,0.006766936095927633,14.286577465480391,98.23600006103516,101.92111177868064,3.6851117176454835,112.19183072335238,0.9014953145290376,2.834769267691971,2,2,0.001847414083291871,1.8062196169953237,21.907604999796604
