sample,source,index,fr_true,z01_true,fr_err_pct,fr_used,z01_used,dz01_mm,blur_px,nrmse,nrmse_offset_free,nrmse_grad,pearson,ssim,core_loss_final,data_residual_true_fr,runtime_s,phase_min
0,small_z01_250.hdf5,0,0.00023725243227090687,250.0,-20.0,0.00018980194581672555,200.5012421816562,-49.49875781834379,29.0341864291036,3.9864172905244972,1.4734571245677344,4.652306592202222,0.21195290705067207,0.0014420819870634496,0.0506497398018837,0.4502425193786621,9.560320084001432,-13.741189002990723
0,small_z01_250.hdf5,0,0.00023725243227090687,250.0,-10.0,0.0002135271890438162,225.28158971324967,-24.718410286750327,20.530270110253586,3.0956420374272806,1.5366634458528696,4.254222528006014,0.28330803423862294,0.004013705627994257,0.04625730216503143,0.4553087055683136,8.092160662999959,-12.597257614135742
0,small_z01_250.hdf5,0,0.00023725243227090687,250.0,-5.0,0.00022538981065736144,237.64851737568742,-12.351482624312581,14.5170932145518,3.927615984448189,1.5854423167639382,4.003334380115464,0.3226741369655525,0.003709749344846463,0.04104878753423691,0.43502163887023926,7.6725596739997854,-14.050972938537598
0,small_z01_250.hdf5,0,0.00023725243227090687,250.0,-1.0,0.00023487990794819776,247.53092787989476,-2.4690721201052384,6.492241452687752,4.288833439525365,1.4556821491125882,3.637270167047914,0.3610234363375028,0.003908449198102938,0.03638727217912674,0.4033268094062805,8.03270056600013,-15.10513973236084
0,small_z01_250.hdf5,0,0.00023725243227090687,250.0,0.0,0.00023725243227090692,249.99998637938947,-1.3620610531006605e-05,0.0,4.36231282823677,1.4781208903513043,4.202264330963328,0.3410553236510042,0.002269602932285133,0.043632037937641144,0.40995386242866516,18.541247087001466,-14.518899917602539
0,small_z01_250.hdf5,0,0.00023725243227090687,250.0,1.0,0.00023962495659361592,252.46842769144124,2.468427691441235,6.492241452687752,3.8775847253318565,1.451715393621997,3.972972513424419,0.31099085884628064,0.0022176869717372596,0.04064005985856056,0.41902753710746765,11.307416300000114,-16.10649871826172
0,small_z01_250.hdf5,0,0.00023725243227090687,250.0,5.0,0.0002491150538844522,262.33602569123485,12.336025691234852,14.5170932145518,3.6441704980494096,1.533336388483941,5.084299534758518,0.31318081525157077,0.002712230500905162,0.056694697588682175,0.455962598323822,14.538624875000096,-13.690465927124023
0,small_z01_250.hdf5,0,0.00023725243227090687,250.0,10.0,0.00026097767549799756,274.6566642057761,24.65666420577611,20.530270110253586,3.3834133233523467,1.6250446406900716,6.845924593339502,0.25373423040292664,0.0014872128151963329,0.07193863391876221,0.4882523715496063,8.36779245300022,-14.182249069213867
0,small_z01_250.hdf5,0,0.00023725243227090687,250.0,20.0,0.0002847029187250882,299.251854060875,49.25185406087502,29.0341864291036,3.797716469490683,1.7181021796676534,8.03584892071205,0.19354921831190097,0.0005344534683407338,0.07310636341571808,0.5035325288772583,8.46049157699963,-17.067319869995117
1,small_z01_250.hdf5,1,0.00023725243227090687,250.0,-20.0,0.00018980194581672555,200.5012421816562,-49.49875781834379,29.0341864291036,4.537034041445637,1.9598147172755158,8.423301028358003,0.073556393118233,0.0018137082423713197,0.07528573274612427,0.5084335803985596,8.586842368000362,-13.892684936523438
1,small_z01_250.hdf5,1,0.00023725243227090687,250.0,-10.0,0.0002135271890438162,225.28158971324967,-24.718410286750327,20.530270110253586,3.2825624308322734,1.9877710091857015,8.52597822012528,0.03277090851106637,0.0006360593414263354,0.07837173342704773,0.524986982345581,8.768822222999006,-12.146679878234863
1,small_z01_250.hdf5,1,0.00023725243227090687,250.0,-5.0,0.00022538981065736144,237.64851737568742,-12.351482624312581,14.5170932145518,4.135663707424504,2.0421635217820886,8.919554414117572,0.050710841223606,0.0012786942624007428,0.074874147772789,0.5177884101867676,8.260036517000117,-13.573765754699707
1,small_z01_250.hdf5,1,0.00023725243227090687,250.0,-1.0,0.00023487990794819776,247.53092787989476,-2.4690721201052384,6.492241452687752,3.49318005362217,1.9307294770496017,7.453381801473762,-0.10371278121054582,-0.002420954456912623,0.07422137260437012,0.5031150579452515,8.303185216000202,-11.880779266357422
1,small_z01_250.hdf5,1,0.00023725243227090687,250.0,0.0,0.00023725243227090692,249.99998637938947,-1.3620610531006605e-05,0.0,3.623802381189341,1.9993700376496224,7.835104338565848,-0.12409157686935507,-0.001897041851984316,0.07513746619224548,0.4964415729045868,8.527908485000808,-12.269542694091797
1,small_z01_250.hdf5,1,0.00023725243227090687,250.0,1.0,0.00023962495659361592,252.46842769144124,2.468427691441235,6.492241452687752,3.377320781102114,1.9920911544178712,7.971378052030501,-0.10204909423105603,-0.003786506916192218,0.07577969878911972,0.5182172656059265,8.267660661998889,-12.388708114624023
1,small_z01_250.hdf5,1,0.00023725243227090687,250.0,5.0,0.0002491150538844522,262.33602569123485,12.336025691234852,14.5170932145518,3.1818228152842343,2.115739347360624,8.672327848715812,-0.11791557338723524,-0.002638326478220334,0.07915085554122925,0.5303667783737183,7.977129288001379,-12.155831336975098
1,small_z01_250.hdf5,1,0.00023725243227090687,250.0,10.0,0.00026097767549799756,274.6566642057761,24.65666420577611,20.530270110253586,2.6314886297765154,1.9302297290150654,7.674747642563256,-0.08518855708905557,-0.0018859415672146337,0.08055867999792099,0.5374218225479126,7.822851319999245,-14.534454345703125
1,small_z01_250.hdf5,1,0.00023725243227090687,250.0,20.0,0.0002847029187250882,299.251854060875,49.25185406087502,29.0341864291036,3.3376629262500903,2.1297925294154267,9.022065398381534,-0.041600146254241376,-0.0018946557659619853,0.07586924731731415,0.5324156284332275,12.331216476000918,-12.444385528564453
2,small_z01_100.hdf5,0,9.418564150109887e-05,100.0,-20.0,7.534851320087909e-05,80.08007784695208,-19.91992215304792,46.08107986217662,1.4263716841004408,1.0916707367815177,3.166130892334591,0.20471051303835985,0.021461448905194313,0.025513440370559692,0.5324402451515198,19.086625275000188,-10.668800354003906
2,small_z01_100.hdf5,0,9.418564150109887e-05,100.0,-10.0,8.476707735098897e-05,90.04502000149954,-9.954979998500463,32.58424405494395,1.7557172611618186,1.1639675561935456,3.8457746760800466,0.15082243093971892,0.015044939723712287,0.035744309425354004,0.46803173422813416,21.53899700399961,-11.118721008300781
2,small_z01_100.hdf5,0,9.418564150109887e-05,100.0,-5.0,8.94763594260439e-05,95.0237532911225,-4.976246708877497,23.04053993108831,1.5355800353865503,1.187271236491892,3.504354673960442,0.08151320116321732,0.01771891183814012,0.03152079880237579,0.476674884557724,24.387352456998997,-10.080851554870605
2,small_z01_100.hdf5,0,9.418564150109887e-05,100.0,-1.0,9.324378508608788e-05,99.0049474892649,-0.9950525107351069,10.304042704842358,2.112321967414746,1.1691029883233777,3.046823194318971,0.10288475758718026,0.02099214272515234,0.023288441821932793,0.3851655423641205,19.072606831001394,-11.547188758850098
2,small_z01_100.hdf5,0,9.418564150109887e-05,100.0,0.0,9.418564150109886e-05,99.99999721417002,-2.785829977369758e-06,0.0,2.3006671285353675,1.2177794102190391,3.4451140273351744,0.057978780025288223,0.013229211058085631,0.02876635268330574,0.34609031677246094,18.979116040998633,-12.308985710144043
2,small_z01_100.hdf5,0,9.418564150109887e-05,100.0,1.0,9.512749791610986e-05,100.99494743908045,0.9949474390804482,10.304042704842358,2.563883820318258,1.217669351815886,3.638272912985317,0.10141618096671508,0.01418109485539216,0.03280651196837425,0.36215171217918396,35.656881996001175,-12.599265098571777
2,small_z01_100.hdf5,0,9.418564150109887e-05,100.0,5.0,9.889492357615383e-05,104.97375363720035,4.973753637200346,23.04053993108831,2.0142145100166315,1.2851118407400963,4.161194665183086,0.06400018099119358,0.010965919538630955,0.04079244285821915,0.41408851742744446,20.228958214998784,-12.063986778259277
2,small_z01_100.hdf5,0,9.418564150109887e-05,100.0,10.0,0.00010360420565120877,109.94502442490605,9.945024424906052,32.58424405494395,1.9711131195755887,1.3675239402387147,4.359268105239462,-0.06509891130403771,0.007426656515752938,0.041959457099437714,0.41298866271972656,25.84201174900045,-11.398931503295898
2,small_z01_100.hdf5,0,9.418564150109887e-05,100.0,20.0,0.00011302276980131863,119.88011654379989,19.880116543799886,46.08107986217662,1.8972130073040456,1.3563957555718607,3.775284321122056,-0.0773071959938593,0.014391014621115058,0.03453020751476288,0.4190833568572998,23.035676469000464,-12.322491645812988
3,small_z01_100.hdf5,1,9.418564150109887e-05,100.0,-20.0,7.534851320087909e-05,80.08007784695208,-19.91992215304792,46.08107986217662,2.628467436461587,1.1059367230641637,3.031143565693023,0.20464588171149736,0.011964637552933826,0.013613507151603699,0.5207881927490234,33.945173226000406,-9.044039726257324
3,small_z01_100.hdf5,1,9.418564150109887e-05,100.0,-10.0,8.476707735098897e-05,90.04502000149954,-9.954979998500463,32.58424405494395,3.483534366001921,1.2088035459726214,4.573323885397518,0.17336285683949967,0.005124120139696776,0.029239116236567497,0.4295414984226227,24.078021949000686,-11.633830070495605
3,small_z01_100.hdf5,1,9.418564150109887e-05,100.0,-5.0,8.94763594260439e-05,95.0237532911225,-4.976246708877497,23.04053993108831,3.0323201720023816,1.2297571460935284,5.264836559949633,0.18914719635343655,0.006117188950729624,0.03799603879451752,0.4818282723426819,31.82069541800047,-9.701430320739746
3,small_z01_100.hdf5,1,9.418564150109887e-05,100.0,-1.0,9.324378508608788e-05,99.0049474892649,-0.9950525107351069,10.304042704842358,3.148510677109079,1.0656023223376356,2.695056173327045,0.256604489349708,0.016201176511802803,0.010376565158367157,0.4690687954425812,26.771096479000335,-8.83545970916748
3,small_z01_100.hdf5,1,9.418564150109887e-05,100.0,0.0,9.418564150109886e-05,99.99999721417002,-2.785829977369758e-06,0.0,3.2369707449712686,1.1051951592442026,2.5052935557281977,0.22530663529481956,0.012265552310476649,0.008779715746641159,0.4468696117401123,47.65110708099928,-8.897181510925293
3,small_z01_100.hdf5,1,9.418564150109887e-05,100.0,1.0,9.512749791610986e-05,100.99494743908045,0.9949474390804482,10.304042704842358,2.6103273773383098,1.1506825990569165,2.7946032231896374,0.15035329091741548,0.007529825298835491,0.010633866302669048,0.5136470794677734,37.530429776001256,-9.282308578491211
3,small_z01_100.hdf5,1,9.418564150109887e-05,100.0,5.0,9.889492357615383e-05,104.97375363720035,4.973753637200346,23.04053993108831,3.149133538445859,1.1557786146330729,3.865973462768258,0.20060295426723512,0.007343247785424467,0.021572750061750412,0.4619833827018738,29.971746751001774,-10.377805709838867
3,small_z01_100.hdf5,1,9.418564150109887e-05,100.0,10.0,0.00010360420565120877,109.94502442490605,9.945024424906052,32.58424405494395,3.4753319417765005,1.3561376514524826,4.961472108898081,0.1727494822528152,0.005002456359431011,0.03469311445951462,0.42792052030563354,29.833214450000014,-11.510756492614746
3,small_z01_100.hdf5,1,9.418564150109887e-05,100.0,20.0,0.00011302276980131863,119.88011654379989,19.880116543799886,46.08107986217662,2.5763508789420038,1.3322406266477584,3.4611210010418976,0.021651851259441232,0.006653408977248769,0.017615076154470444,0.47482025623321533,34.14656981900043,-8.406596183776855
