sample,source,index,fr_true,z01_true,z02,energy,px_size,fr_lo,fr_hi,z01_lo,z01_hi,z01_guess,method,z01_est,fr_est,rel_err_fr_pct,dz01_mm,runtime_s,n_evals
0,small_z01_100.hdf5,0,9.418564150109887e-05,100.0,20000.0,11.0,0.006500000134110451,4.7092820750549436e-05,0.0001412784622516483,50.12531188330226,149.62593100416547,99.87562144373386,holowizard_find_focus,99.09827285685212,9.333211746905658e-05,-0.9062145975109459,-0.9017271431478804,164.86141305900128,19
0,small_z01_100.hdf5,0,9.418564150109887e-05,100.0,20000.0,11.0,0.006500000134110451,4.7092820750549436e-05,0.0001412784622516483,50.12531188330226,149.62593100416547,99.87562144373386,fallback_tv,88.92738146871663,8.371024958109766e-05,-11.122068877004986,-11.072618531283368,0.206770464001238,35
1,small_z01_100.hdf5,1,9.418564150109887e-05,100.0,20000.0,11.0,0.006500000134110451,4.7092820750549436e-05,0.0001412784622516483,50.12531188330226,149.62593100416547,99.87562144373386,holowizard_find_focus,98.12658712324995,9.24124583191646e-05,-1.8826470294982078,-1.8734128767500522,191.21167238499947,24
1,small_z01_100.hdf5,1,9.418564150109887e-05,100.0,20000.0,11.0,0.006500000134110451,4.7092820750549436e-05,0.0001412784622516483,50.12531188330226,149.62593100416547,99.87562144373386,fallback_tv,74.45431278529269,7.003536948028913e-05,-25.64113981272611,-25.545687214707314,0.21417747700070322,37
2,small_z01_100.hdf5,2,9.418564150109887e-05,100.0,20000.0,11.0,0.006500000134110451,4.7092820750549436e-05,0.0001412784622516483,50.12531188330226,149.62593100416547,99.87562144373386,holowizard_find_focus,99.87562144373386,9.406790945250233e-05,-0.124999996517694,-0.12437855626613725,180.78651362300116,23
2,small_z01_100.hdf5,2,9.418564150109887e-05,100.0,20000.0,11.0,0.006500000134110451,4.7092820750549436e-05,0.0001412784622516483,50.12531188330226,149.62593100416547,99.87562144373386,fallback_tv,53.146089526079464,4.993840837671544e-05,-46.97874582493255,-46.853910473920536,0.20297938799922122,35
3,small_z01_250.hdf5,0,0.00023725243227090687,250.0,20000.0,11.0,0.006500000134110451,0.00011862621613545343,0.0003558786484063603,125.78615662577371,372.6707872755123,249.22847195064298,holowizard_find_focus,252.24220035212906,0.00023940749515180508,0.908341743968899,2.2422003521290605,220.79641773599906,22
3,small_z01_250.hdf5,0,0.00023725243227090687,250.0,20000.0,11.0,0.006500000134110451,0.00011862621613545343,0.0003558786484063603,125.78615662577371,372.6707872755123,249.22847195064298,fallback_tv,369.7841929713819,0.00035307019480312424,48.81625929970268,119.78419297138191,0.19301139900017006,33
4,small_z01_250.hdf5,1,0.00023725243227090687,250.0,20000.0,11.0,0.006500000134110451,0.00011862621613545343,0.0003558786484063603,125.78615662577371,372.6707872755123,249.22847195064298,holowizard_find_focus,243.6832116919086,0.00023118381024415238,-2.557875579469304,-6.31678830809139,195.45499427899995,24
4,small_z01_250.hdf5,1,0.00023725243227090687,250.0,20000.0,11.0,0.006500000134110451,0.00011862621613545343,0.0003558786484063603,125.78615662577371,372.6707872755123,249.22847195064298,fallback_tv,187.71708828023938,0.00017758532602647563,-25.149207396238747,-62.28291171976062,0.21417818400004762,37
5,small_z01_250.hdf5,2,0.00023725243227090687,250.0,20000.0,11.0,0.006500000134110451,0.00011862621613545343,0.0003558786484063603,125.78615662577371,372.6707872755123,249.22847195064298,holowizard_find_focus,236.02834155213395,0.0002238348582894203,-5.655399969162678,-13.971658447866048,186.2342017330011,24
5,small_z01_250.hdf5,2,0.00023725243227090687,250.0,20000.0,11.0,0.006500000134110451,0.00011862621613545343,0.0003558786484063603,125.78615662577371,372.6707872755123,249.22847195064298,fallback_tv,200.96366435380358,0.00019024413507174717,-19.813620770590557,-49.03633564619642,0.21173100699888892,37
6,small_z01_400.hdf5,0,0.00038250902434810996,400.0,20000.0,11.0,0.006500000134110451,0.00019125451217405498,0.0005737635365221649,202.02019145269827,594.0593754811965,398.03978346694737,holowizard_find_focus,395.35982810737755,0.0003779822904311535,-1.1834319267816418,-4.640171892622448,193.8837484329997,25
6,small_z01_400.hdf5,0,0.00038250902434810996,400.0,20000.0,11.0,0.006500000134110451,0.00019125451217405498,0.0005737635365221649,202.02019145269827,594.0593754811965,398.03978346694737,fallback_tv,291.3978501306892,0.00027712028013242854,-27.55196283154101,-108.60214986931078,0.1842252090009424,32
7,small_z01_400.hdf5,1,0.00038250902434810996,400.0,20000.0,11.0,0.006500000134110451,0.00019125451217405498,0.0005737635365221649,202.02019145269827,594.0593754811965,398.03978346694737,holowizard_find_focus,346.35493010381526,0.0003303056890042548,-13.647608819902379,-53.64506989618474,169.58500792000086,22
7,small_z01_400.hdf5,1,0.00038250902434810996,400.0,20000.0,11.0,0.006500000134110451,0.00019125451217405498,0.0005737635365221649,202.02019145269827,594.0593754811965,398.03978346694737,fallback_tv,576.2355162214677,0.0005560379168449662,45.36596039599128,176.23551622146772,0.1981415720001678,34
8,small_z01_400.hdf5,2,0.00038250902434810996,400.0,20000.0,11.0,0.006500000134110451,0.00019125451217405498,0.0005737635365221649,202.02019145269827,594.0593754811965,398.03978346694737,holowizard_find_focus,424.55219898840596,0.000406496843645836,6.2711773502879264,24.552198988405962,172.3732628400012,22
8,small_z01_400.hdf5,2,0.00038250902434810996,400.0,20000.0,11.0,0.006500000134110451,0.00019125451217405498,0.0005737635365221649,202.02019145269827,594.0593754811965,398.03978346694737,fallback_tv,512.5057896840638,0.0004929246825470572,28.866157703631412,112.50578968406376,0.20683650899991335,36
9,small_z01_50.hdf5,0,4.697479380411096e-05,50.0,20000.0,11.0,0.006500000134110451,2.348739690205548e-05,7.046219070616644e-05,25.03128850362974,74.90636522701365,49.968826865321695,holowizard_find_focus,50.06623912454705,4.703718250747632e-05,0.13281315001727467,0.06623912454705305,153.14293038699907,20
9,small_z01_50.hdf5,0,4.697479380411096e-05,50.0,20000.0,11.0,0.006500000134110451,2.348739690205548e-05,7.046219070616644e-05,25.03128850362974,74.90636522701365,49.968826865321695,fallback_tv,69.85787828505956,6.569658337706321e-05,39.85496913732878,19.857878285059556,0.2138820370000758,37
10,small_z01_50.hdf5,1,4.697479380411096e-05,50.0,20000.0,11.0,0.006500000134110451,2.348739690205548e-05,7.046219070616644e-05,25.03128850362974,74.90636522701365,49.968826865321695,holowizard_find_focus,49.579177828420256,4.6578451723156805e-05,-0.8437335193144935,-0.42082217157974355,169.2408734239998,22
10,small_z01_50.hdf5,1,4.697479380411096e-05,50.0,20000.0,11.0,0.006500000134110451,2.348739690205548e-05,7.046219070616644e-05,25.03128850362974,74.90636522701365,49.968826865321695,fallback_tv,42.207766946904464,3.963854160569931e-05,-15.617422886419618,-7.792233053095536,0.19166062300064368,33
11,small_z01_50.hdf5,2,4.697479380411096e-05,50.0,20000.0,11.0,0.006500000134110451,2.348739690205548e-05,7.046219070616644e-05,25.03128850362974,74.90636522701365,49.968826865321695,holowizard_find_focus,49.676590087645614,4.6670196088129877e-05,-0.6484280000275899,-0.32340991235438565,146.08587161000105,19
11,small_z01_50.hdf5,2,4.697479380411096e-05,50.0,20000.0,11.0,0.006500000134110451,2.348739690205548e-05,7.046219070616644e-05,25.03128850362974,74.90636522701365,49.968826865321695,fallback_tv,47.60892882932115,4.472303318894321e-05,-4.793550823358139,-2.391071170678849,0.18638957400071376,32
